model,kind,n_graphs,mean_nodes,branching,dispersion,multi_parent_frac,max_depth,bc_mean,expansion_b2_b1
claude,real,45,50.06666666666667,2.4713865052255928,6.875738155254726,0.3942047930283224,4.177777777777778,0.0015375705837890712,5.229896862820758
deepseek,real,45,35.955555555555556,6.390341612291288,6.312841975693741,0.4845733300614361,3.0444444444444443,0.00684276582707525,6.2955618008424965
gemini,real,45,50.111111111111114,2.1256343315994934,2.2503537528631656,0.5624052287581699,4.066666666666666,0.00271479702992308,3.1021121096262876
gptoss-120b,real,45,49.266666666666666,2.396639472407871,2.4931976065774246,0.7029169000933707,3.977777777777778,0.004682596970412096,3.4478913094757218
gptoss-20b,real,45,49.266666666666666,2.5326706301325776,3.3868468724038254,0.4717037037037037,8.577777777777778,0.01845911698012538,3.7431360988918647
llama-70b,real,45,34.955555555555556,1.9848194827884855,2.358275662619883,0.5043200848577504,5.844444444444444,0.019561483296341223,2.9926647540236666
llama-8b,real,45,40.977777777777774,2.1677465701621528,4.851194114921216,0.12687848595762316,6.2,0.005555111192264427,3.9558859327913396
qwen-80b,real,45,38.333333333333336,2.810977347596995,9.689993733012932,0.5266640188285316,2.466666666666667,0.0024818563051192365,6.485482691943589
ClaimDAG,synthetic,8,43,2.2368029448621556,0.5776108123862788,0.14244186046511628,4.0,0.002613240418118467,2.225950535252861
