model,kind,n_graphs,mean_nodes,branching,dispersion,multi_parent_frac,max_depth,bc_mean,expansion_b2_b1
claude,real,15,50.13333333333333,2.3156629100136232,4.500286014699668,0.41963398692810455,4.733333333333333,0.002087434973989596,4.137997104716558
deepseek,real,15,36.53333333333333,4.922776361256753,6.740304644569855,0.49623856598879706,3.466666666666667,0.00973854418114853,5.643314217607995
gemini,real,15,50.2,2.1782474913880816,2.170700916985692,0.5552418300653594,3.933333333333333,0.002594104308390023,3.081305456570093
gptoss-120b,real,15,50.06666666666667,2.335569630598823,3.1064031308735616,0.6656732026143791,3.8,0.0037207216219821257,3.6852051197577893
gptoss-20b,real,15,50.06666666666667,2.794862486001246,4.8767839764600565,0.4207581699346406,6.133333333333334,0.006925770308123248,4.203998503441816
llama-70b,real,15,34.13333333333333,1.917034299039535,1.5964290263516312,0.4906636732467934,6.133333333333334,0.01836172709183397,2.6013620441314944
llama-8b,real,15,39.46666666666667,1.865042349352225,3.8434431431431504,0.18037659586205923,6.533333333333333,0.006112884214758304,3.3812615839605216
qwen-80b,real,15,38.0,2.7942941708655824,8.283589565068267,0.478028063607011,2.466666666666667,0.0013586353501802702,5.623622062611084
ClaimDAG,synthetic,8,43,2.2368029448621556,0.5776108123862788,0.14244186046511628,4.0,0.002613240418118467,2.225950535252861
